,Accuracy,Precision,Recall,F1
0,0.940751519,0.561158695,0.62520444,0.551280643
