,Accuracy,Precision,Recall,F1,
0,0.197917913,0.240731169,0.158869135,0.143855739, 
