,Accuracy,Precision,Recall,F1,
0,0.001238691,0.00013766,0.111111111,0.00027498, 
